<?xml version="1.0" encoding="UTF-8"?>
<configuration scan="true" scanPeriod="30 seconds">
  <appender name="STDOUT" class="ch.qos.logback.core.ConsoleAppender">
    <encoder>
      <pattern>%d %p %t %c - %m%n</pattern>
    </encoder>
  </appender>


  <logger name="com.googlecode.noweco.cli" level="INFO" />
  <logger name="com.googlecode.noweco.core" level="INFO" />
  <logger name="com.googlecode.noweco.core.webmail.cache" level="ERROR" />

  <root level="TRACE">
    <appender-ref ref="STDOUT" />
  </root>
</configuration>
